Script,Type
吴,0
冯,0
卫,0
蒋,0
沈,0
韩,0
杨,0
秦,0
尤,0
许,0
何,0
吕,0
施,0
孔,0
阳,0
严,0
华,0
金,0
魏,0
陶,0
韦,0
马,0
凤,0
花,0
方,0
俞,0
任,0
袁,0
柳,0
酆,0
史,0
唐,0
费,0
廉,0
岑,0
薛,0
雷,0
喻,0
贺,0
倪,0
汤,0
殷,0
罗,0
毕,0
安,0
乐,0
于,0
时,0
傅,0
卞,0
齐,0
康,0
易,0
元,0
卜,0
顾,0
孟,0
平,0
穆,0
萧,0
尹,0
邵,0
湛 ,0
汪,0
祁,0
禹,0
狄,0
贝,0
明,0
计,0
伏,0
谈,0
宋,0
茅,0
庞,0
纪,0
舒,0
项,0
祝,0
董,0
梁,0
阮,0
蓝,0
闵,0
席,0
季,0
路,0
危,0
江,0
童,0
颜,0
梅,0
林,0
刁,0
徐,0
邱,0
骆,0
高,0
夏,0
田,0
樊,0
凌,0
霍,0
虞,0
万,0
柯,0
昝,0
卢,0
莫,0
经,0
房,0
裘,0
解,0
应,0
丁,0
宣,0
邓,0
单,0
杭,0
洪,0
诸,0
左,0
石,0
崔,0
吉,0
龚,0
程,0
嵇,0
邢,0
滑,0
裴,0
陆,0
荀,0
於,0
甄 ,0
曲,0
家,0
封,0
羿,0
储,0
靳,0
乌,0
焦,0
弓 ,0
牧 ,0
隗,0
山,0
谷 ,0
侯 ,0
宓,0
蓬,0
全,0
郗,0
班 ,0
仰,0
秋,0
仲 ,0
伊,0
宫 ,0
宁,0
仇,0
暴,0
甘 ,0
厉,0
戎,0
祖 ,0
武,0
符 ,0
景,0
詹,0
束,0
叶 ,0
幸,0
司,0
韶,0
郜,0
黎,0
薄 ,0
印,0
宿,0
白 ,0
怀,0
蒲,0
台,0
丛,0
索,0
籍,0
卓 ,0
蔺,0
屠,0
蒙,0
池,0
乔 ,0
阴 ,0
郁,0
胥,0
苍,0
双,0
莘,0
翟 ,0
谭 ,0
贡,0
劳 ,0
逄,0
姬,0
申,0
淳于,0
宰,0
郦,0
艾,0
濮,0
柴,0
龙,0
谢,0
公良,0
边,0
乐正,0
濮阳,0
太史,0
公孙,0
端木,0
慕容,0
长孙,0
宇文,0
钟离,0
夏侯,0
诸葛,0
司马,0
上官,0
东方,0
皇甫,0
尉迟,0
欧阳,0
单于,0
宇文,0
赫连,0
乐正,0
子车,0
慕容,0
司徒,0
阳佟,0
归海,0
司空,0
西门,0
左丘,0
伯赏,0
巫马,0
夏侯,0
欧阳,0
皇甫,0
上官,0
司马,0
司空,0
鲜于,0
长孙,0
万俟,0
彬,1
斌,1
宾,1
玢,1
蔚,1
慰,1
卫,1
炜,1
为,1
威,1
维,1
委,1
唯,1
谓,1
玮,1
帏,1
帷,1
博,1
波,1
箔,1
播,1
铂,1
搏,1
柏,1
帛,1
般,1
薄,1
裕,1
玉,1
宇,1
鱼,1
羽,1
雨,1
语,1
瑜,1
预,1
郁,1
渔,1
予,1
禹,1
御,1
娱,1
彧,1
闻,1
文,1
温,1
问,1
溶,1
融,1
戎,1
榕,1
嵘,1
肜,1
容,1
艺,1
亦,1
意,1
赤儿,1
冲,1
崇,1
诞,1
当,1
德,1
登,1
典,1
雕,1
定,1
问天,1
宗,1
综,1
纵,1
鬃,1
澄,1
橙,1
成,1
城,1
承,1
诚,1
乘,1
丞,1
晟,1
骋,1
存远,1
潇潇,1
萧萧,1
萧潇,1
敖,1
傲,1
鳌,1
翱,1
骜,1
樨,1
息,1
希,1
兮,1
袭,1
熙,1
悉,1
曦,1
夕,1
席,1
习,1
析,1
浩,1
好,1
豪,1
昊,1
皓,1
灏,1
颢,1
晧,1
嘉,1
佳,1
珈,1
迦,1
葭,1
苍,1
藏,1
仓,1
沧,1
伧,1
明,1
鸣,1
铭,1
冥,1
茗,1
暝,1
溟,1
酩,1
螟,1
洺,1
佲,1
孤求,1
鼓秋,1
孤裘,1
故裘,1
故秋,1
顾裘,1
擎天,1
博睿,1
文心,1
烨,1
伟,1
技,1
瑞,1
磊,1
伯颜,1
极穹,1
刹,1
博裕,1
博闻,1
博容,1
博文,1
博艺,1
博雅,1
承德,1
朝宗,1
澄泓,1
潇晗,1
奥然,1
昭樨,1
宇浩,1
嘉熙,1
擎苍,1
丹明,1
若飞,1
浩宇,1
瑾瑜,1
皓轩,1
晟睿,1
文博,1
烨磊,1
伟奇,1
瑞成,1
言心,1
天松,1
天极,1
天莫,1
天刹,1
天羽,1
演诺,1
威心,1
严回,1
永独,1
千影,1
泓礼,1
轩鉴,1
圣嘉,1
真启,1
源鸣,1
阵则,1
和殇,1
杜陵,1
岚风,1
景千,1
信丰,1
极星,1
远渡,1
虚灵,1
燕风,1
流空,1
阳逍,1
常逍,1
御龙,1
紫英,1
丰锐,1
英凡,1
廉反,1
长曲,1
七杀,1
重刃,1
罡与,1
峦行,1
雨幕,1
落崖,1
仙迦,1
肖靖,1
炉荧,1
道涵,1
连山,1
泽鹰,1
继戚,1
万扬,1
聿铭,1
承宗,1
兼硕,1
珉华,1
隆江,1
龙霸,1
域疆,1
威达,1
于世,1
珉加,1
焱冲,1
寒山,1
热魂,1
隆岱,1
应梦,1
思成,1
予升,1
帝问,1
世祺,1
云中,1
羡林,1
惟真,1
列印,1
奇钺,1
其封,1
荣桓,1
楼颂,1
敌周,1
舜开,1
闪峰,1
之旅,1
元林,1
飚扬,1
子期,1
丹星,1
啸烟,1
庐劫,1
商周,1
令辉,1
至佳,1
初昊,1
万历,1
穆凯,1
苑咸,1
首凉,1
无咎,1
众翼,1
辉光,1
广纳,1
白襄,1
东来,1
玄纫,1
昌永,1
邪阵,1
临崖,1
烛龙,1
仕奇,1
言斩,1
火门,1
映超,1
金疆,1
冉闵,1
玄纵,1
靖天,1
云仰,1
冷禅,1
破天,1
盈烈,1
自斟,1
翼锋,1
玄古,1
源沙,1
铁庐,1
浮竹,1
危涛,1
惑星,1
禁义,1
醒枫,1
子丹,1
秋川,1
怒海,1
衫印,1
询书,1
终验,1
紫阁,1
恩骏,1
南钟,1
芒息,1
谱尘,1
晦隐,1
刹纳,1
兀预,1
化及,1
别辛,1
古枫,1
刚狩,1
血盟,1
我忘,1
雷诺,1
旷释,1
无名,1
兼星,1
飞翎,1
镇远,1
处修,1
蒙寂,1
沧河,1
青鹤,1
先襄,1
金断,1
离未,1
孤羽,1
惊宏,1
序智,1
须佐,1
奥擎,1
吾飞,1
游鲲,1
萧陌,1
鼎盛,1
鬼恸,1
神驱,1
上驭,1
膺扬,1
圣宙,1
天逸,1
巍昂,1
嘉志,1
建德,1
经武,1
景胜,1
俊材,1
俊悟,1
嘉茂,1
飞羽,1
伟茂,1
文山,1
英朗,1
英逸,1
信鸿,1
星剑,1
星津,1
阳辉,1
子轩,1
子昂,1
施驰,1
瓢古,1
责爽,1
翼亭,1
朗段,1
协睦,1
燊醒,1
通震,1
纹奋,1
曲辰,1
荐启,1
立晨,1
朝淮,1
农达,1
圭宓,1
征松,1
敏莱,1
贤麦,1
沧义,1
愿冲,1
珑裔,1
巩怀,1
龄书,1
骏毓,1
浮超,1
沛念,1
桓峪,1
逞根,1
博钢,1
成劲,1
棠显,1
替悠,1
征兆,1
颖照,1
霆滔,1
放僖,1
堃思,1
细林,1
涧朋,1
务丘,1
廷江,1
俯赋,1
文咏,1
巩渊,1
准胤,1
余季,1
序海,1
林照,1
秩丘,1
衷歆,1
骋彬,1
亨祈,1
方备,1
遇胥,1
依飘,1
巩衷,1
脉谷,1
承游,1
偌博,1
行澜,1
有衷,1
奉兴,1
锦匡,1
凌胥,1
段琰,1
琰泽,1
楠淦,1
扬澄,1
秀策,1
州捷,1
双隆,1
翰安,1
遥峪,1
圣跃,1
梦纳,1
逸扬,1
弄房,1
珑衍,1
郁楠,1
庄承,1
匀川,1
备灵,1
精晞,1
成敏,1
僚汐,1
璨贤,1
敞标,1
谦腾,1
致瑛,1
奇仲,1
鸣祥,1
皓禄,1
配胤,1
承留,1
舟宪,1
烨丹,1
树郁,1
滕翘,1
昇研,1
匀君,1
维富,1
映怀,1
季更,1
云火,1
定斗,1
长斌,1
晖功,1
启京,1
栾江,1
颜湃,1
敞心,1
珪危,1
衔靖,1
昌东,1
汝誉,1
烽善,1
衍佛,1
辅拓,1
禧歆,1
歆映,1
石欣,1
湃邦,1
子炜,1
羡庸,1
伴品,1
乔隐,1
兼满,1
佟妙,1
伴颂,1
梦劲,1
桓荷,1
贡田,1
瑜润,1
信隆,1
览鹏,1
琳义,1
嶷融,1
琪古,1
胜靖,1
名琦,1
桥念,1
峙轮,1
颢标,1
堃泳,1
配秋,1
苍皋,1
骏升,1
育营,1
恩依,1
涣邦,1
睿鹏,1
暮思,1
蒲盼,1
精争,1
叙羽,1
奉宙,1
恩戚,1
葛立,1
才标,1
汇骏,1
博钱,1
沁波,1
屏鹤,1
庚古,1
以舒,1
轮咏,1
端柏,1
谚礼,1
策方,1
轩辉,1
储麟,1
靠艺,1
户怀,1
并辉,1
斐佩,1
常泳,1
伙文,1
凌卫,1
申白,1
哲屏,1
羿克,1
茗翼,1
骋儿,1
慈凡,1
汐童,1
存澄,1
麦质,1
豪耿,1
沐斌,1
廷童,1
谡京,1
弄高,1
霏万,1
上御,1
竟汐,1
朝席,1
争乐,1
韦真,1
记冠,1
冶火,1
程跋,1
胤翊,1
紊子,1
磊颂,1
轩昊,1
鹊易,1
琅鲜,1
蔚谷,1
悠逸,1
渝羿,1
御瑾,1
沃业,1
杰章,1
均君,1
廉革,1
敖君,1
梨侠,1
筹准,1
锐讯,1
夷哲,1
节茗,1
京润,1
庸远,1
恩虎,1
怀熹,1
劝咏,1
睫吟,1
觉飘,1
城扬,1
笙彬,1
琛华,1
夏凡,1
桓展,1
龄歆,1
悟岚,1
境民,1
虎霏,1
储楠,1
民徽,1
胄南,1
驰徽,1
丘峪,1
智献,1
尧冬,1
悲秩,1
奉东,1
颁虔,1
荐里,1
彦辉,1
依颖,1
迪信,1
涵彧,1
嘉叙,1
瑁儒,1
归柯,1
伍准,1
敬韦,1
臻宗,1
节楙,1
蔚誉,1
海晾,1
槐晖,1
流曙,1
固和,1
慎偌,1
知众,1
槐迪,1
颖槐,1
流林,1
葛玉,1
璀若,1
贯麟,1
梁尧,1
歆麦,1
褒生,1
谓祈,1
华来,1
拓清,1
银依,1
戚天,1
胥德,1
圣楠,1
仓岩,1
东松,1
段曲,1
汇烈,1
晞川,1
翰治,1
峪青,1
资匡,1
鹏扁,1
历法,1
莉荣,1
焯望,1
民宗,1
钢英,1
燃鹄,1
炳琳,1
烨驹,1
潮孰,1
昶季,1
夕显,1
固鲜,1
森键,1
江壮,1
畅丹,1
启敬,1
庚麦,1
岳知,1
銮松,1
慈察,1
义蒙,1
业泉,1
淡毕,1
策森,1
顾霆,1
贤幼,1
柯彩,1
耙宗,1
诺霖,1
滕兢,1
卉耿,1
穗官,1
衷伟,1
钦臣,1
鹤群,1
标琛,1
笑家,1
棉察,1
盎彬,1
赣烈,1
丞叙,1
胥堂,1
凛湘,1
振沛,1
界邕,1
充逊,1
瑰栾,1
珪歆,1
偌峙,1
耀史,1
昱劲,1
俱升,1
广戚,1
规宓,1
岳蒲,1
弃南,1
群羿,1
兆秋,1
涵庭,1
京儒,1
辩來,1
正传,1
脉庭,1
昼万,1
协图,1
加游,1
展政,1
阳晖,1
萌汝,1
伟流,1
并曦,1
量醒,1
宙惇,1
银荷,1
定捷,1
舟游,1
益桦,1
群庆,1
勇彤,1
逢思,1
荐备,1
以佛,1
廷胥,1
流珑,1
准裕,1
影樵,1
筹霆,1
君御,1
浮魁,1
火叙,1
辟强,1
光建,1
皑东,1
规悠,1
萌孰,1
敛封,1
镜营,1
楚武,1
飞御,1
涣云,1
展同,1
孝來,1
比瑾,1
桂潇,1
知樵,1
俭英,1
国善,1
持锐,1
远登,1
喜节,1
昧峪,1
眺湘,1
槐灿,1
霆槐,1
宇廉,1
麒山,1
述豆,1
傍满,1
夕州,1
乔玄,1
两匡,1
境尚,1
策龙,1
弃汝,1
先阳,1
奇邦,1
煦枫,1
顺季,1
致希,1
田尉,1
灏望,1
观禄,1
有夕,1
昭臣,1
慈均,1
昭灼,1
帮淳,1
互征,1
好轩,1
宁光,1
伦鑫,1
广全,1
怀涵,1
琰阳,1
均胄,1
示赋,1
元佩,1
弈灿,1
从御,1
荣任,1
全江,1
风劲,1
佟斐,1
沪岩,1
醇聚,1
愿献,1
汝秀,1
珪皆,1
晖单,1
露治,1
威莱,1
青加,1
滨庸,1
春庭,1
伦光,1
协煦,1
武帜,1
席班,1
晖洲,1
苍铭,1
涵铿,1
弈桦,1
世珍,1
延毅,1
益虔,1
隐磊,1
星保,1
长心,1
礼昊,1
昭固,1
烽悦,1
益秀,1
笙滕,1
茂川,1
觉尧,1
烈栾,1
潮游,1
华儒,1
边禄,1
昧厦,1
庭程,1
崇凌,1
潇洋,1
暮龙,1
锋臣,1
耿纹,1
淳欣,1
览瑛,1
烈纯,1
博谡,1
正庄,1
拓,1
璨峥,1
召曦,1
颖贞,1
扬格,1
森旻,1
恩辉,1
襄方,1
谱舒,1
斐桂,1
游奇,1
献澜,1
沫曲,1
灼理,1
尹南,1
相原,1
亿其,1
灼卫,1
潇顾,1
沁起,1
艺楷,1
拥麒,1
皆玄,1
稚峥,1
夜聚,1
灏农,1
牧葛,1
南耀,1
鸿早,1
并航,1
仁诚,1
枫洋,1
越策,1
莘然,1
寒坚,1
章洋,1
杭,1
侯,1
皑攀,1
烈隐,1
辟奋,1
云贤,1
吏歆,1
佛太,1
煦晾,1
望环,1
冠谷,1
庚彤,1
襄念,1
晖恒,1
风郁,1
述炜,1
游平,1
先池,1
蔼镇,1
秉伟,1
淼安,1
攀伦,1
融强,1
铭彪,1
汉浩,1
沫昕,1
示煦,1
崇岩,1
醇钧,1
广壁,1
圣翘,1
吟昱,1
颖柏,1
立代,1
显颢,1
业舟,1
其功,1
放义,1
炜尉,1
风沃,1
皓青,1
晖琰,1
蒲江,1
代章,1
待飘,1
渭冬,1
互昼,1
领蔚,1
桦若,1
鲜革,1
才发,1
诺愈,1
苏向,1
欢熙,1
仰同,1
跋解,1
联茂,1
焯根,1
风和,1
聪灼,1
韦醒,1
慈南,1
锋盛,1
稚东,1
历窍,1
逸营,1
森更,1
逞钢,1
辅文,1
栋凉,1
穗扁,1
汐凡,1
淳仆,1
品官,1
灏仆,1
乃显,1
仙岩,1
翠容,1
晔代,1
磊斯,1
枫桦,1
琅妙,1
品徽,1
顾知,1
琅升,1
池道,1
敞涵,1
楠法,1
席笛,1
珩江,1
渐宓,1
枝戚,1
皓彤,1
劲赫,1
儒御,1
倍玉,1
瑁资,1
锐青,1
宇研,1
云谱,1
浩曦,1
留田,1
堂霖,1
向太,1
政祯,1
灏葛,1
缘应,1
东珐,1
沧少,1
诺勳,1
湖镜,1
露凉,1
浪富,1
蔓诚,1
北龙,1
品序,1
长飘,1
传朗,1
沁颖,1
楠秋,1
成原,1
凡熹,1
静忠,1
珐镜,1
颁灿,1
以颢,1
醇孰,1
友瑞,1
帛霖,1
谷俊,1
皑楠,1
鉴余,1
界天,1
斌念,1
贵明,1
始丙,1
容誉,1
习菲,1
皑夜,1
谦颜,1
敏苏,1
利松,1
晞盖,1
绍旻,1
睛湖,1
法蒙,1
上昕,1
青庸,1
壁跋,1
庚先,1
佑夏,1
茂仔,1
满愿,1
敏伯,1
帛深,1
朝煌,1
韶牧,1
菁梦,1
致雪,1
骏佟,1
庚书,1
樵善,1
哲胤,1
鼎民,1
澄桂,1
皑瑞,1
细逸,1
伴标,1
惜剑,1
云赣,1
信徽,1
秋栾,1
飞熙,1
偌知,1
醒冶,1
览建,1
谱皆,1
暗声,1
望镜,1
澜蜀,1
潮夷,1
洪念,1
上斯,1
琛淦,1
阐纳,1
佛牡,1
心匡,1
菲茂,1
裁涛,1
谱品,1
贵昊,1
敖俊,1
青进,1
灵珐,1
昕秀,1
晖帮,1
和峰,1
照千,1
冷清,1
凌朋,1
潮鹤,1
冰槐,1
曦祯,1
军皆,1
铭钢,1
缓焕,1
颂扁,1
旬传,1
璀曼,1
世曦,1
根聚,1
先照,1
旬鸿,1
菘岸,1
蜀顺,1
满亿,1
艾羡,1
恒焯,1
琅珍,1
鼎伍,1
峰冠,1
进信,1
浮舜,1
彦昱,1
惇博,1
近仲,1
昆晾,1
康相,1
奥戚,1
津火,1
熹明,1
存赞,1
肇义,1
顾方,1
予悠,1
权瑜,1
翊施,1
练博,1
俭汇,1
珩妙,1
欣衍,1
容滨,1
柯戚,1
谦麟,1
瑞谦,1
鹊连,1
翘标,1
格天,1
虔文,1
鹏致,1
贝仁,1
谚毅,1
滕冬,1
惇歆,1
衍佟,1
絮寒,1
鸿开,1
戚琰,1
苍军,1
圣叙,1
飘楷,1
羽平,1
竹驹,1
敬迟,1
修豪,1
沫厚,1
浪棠,1
亭质,1
祖歆,1
潮舟,1
笛东,1
鹊逊,1
瑰运,1
展笛,1
渊路,1
旻,1
玠,1
珝,1
珪,1
安,1
霸,1
班,1
褒,1
宝,1
豹,1
辟,1
辩,1
彪,1
表,1
秉,1
布,1
才,1
策,1
朝,1
淳,1
催,1
粹,1
达,1
都,1
度,1
端,1
敦,1
恩,1
方,1
封,1
逢,1
拂,1
伏,1
服,1
恭,1
宫,1
贡,1
固,1
观,1
光,1
圭,1
轨,1
果,1
含,1
何,1
河,1
横,1
衡,1
洪,1
弘,1
华,1
化,1
怀,1
淮,1
桓,1
晃,1
徽,1
恢,1
惠,1
浑,1
缉,1
辑,1
籍,1
济,1
纪,1
坚,1
俭,1
疆,1
矫,1
角,1
阶,1
禁,1
经,1
景,1
静,1
靖,1
就,1
据,1
均,1
钧,1
峻,1
浚,1
骏,1
楷,1
凯,1
抗,1
匡,1
旷,1
兰,1
览,1
郎,1
朗,1
乐,1
理,1
礼,1
虑,1
曼,1
茂,1
萌,1
蒙,1
猛,1
敏,1
摩柯,1
默,1
谋,1
穆,1
南,1
能,1
宁,1
磐,1
配,1
沛,1
聘,1
评,1
奇,1
谦,1
乾,1
钦,1
清,1
琼,1
秋,1
权,1
然,1
仁,1
任,1
柔,1
儒,1
商,1
赏,1
尚,1
韶,1
邵,1
绍,1
沈,1
生,1
胜,1
师,1
诗,1
式,1
氏,1
寿,1
授,1
舒,1
术,1
顺,1
硕,1
朔,1
松,1
肃,1
遂,1
泰,1
谭,1
涛,1
陶,1
特,1
通,1
铜,1
图,1
星,1
休,1
修,1
秀,1
绣,1
叙,1
绪,1
续,1
旋,1
玄,1
勋,1
循,1
寻,1
训,1
逊,1
焉,1
严,1
延,1
颜,1
炎,1
衍,1
演,1
燕,1
彦,1
鸯,1
杨,1
阳,1
样,1
瑶,1
业,1
宜,1
裔,1
异,1
翼,1
音,1
银,1
隐,1
英,1
应,1
莹,1
雍,1
虞,1
舆,1
豫,1
渊,1
原,1
员,1
约,1
越,1
月,1
云,1
允,1
赞,1
则,1
泽,1
曾,1
瞻,1
章,1
彰,1
昭,1
真,1
震,1
正,1
芝,1
直,1
植,1
止飏,1
旨,1
质,1
治,1
重,1
仲道,1
著,1
谞,1
撰,1
卓,1
咨,1
资,1
子服,1
子兰,1
祖,1
纂,1
遵,1
丕,1
胤,1
馗,1
毓,1
嘏,1
厥,1
攸,1
攸之,1
巽,1
袤,1
诠,1
诩,1
谌,1
谡,1
谧,1
隗,1
郦,1
奂,1
劭,1
勖,1
懿,1
蕤,1
蕃,1
奕,1
郃,1
岐,1
岱,1
嵩,1
嶷,1
衢,1
膺,1
怿,1
恺,1
恂,1
恪,1
恽,1
悌,1
淙,1
滂,1
宓,1
暹,1
邈,1
妃,1
孚,1
骘,1
纡,1
绲,1
珩,1
琦,1
琰,1
琮,1
琬,1
瑁,1
璜,1
璋,1
璩,1
轸,1
闿,1
昕,1
昱,1
晔,1
晏,1
胄,1
歆,1
旌,1
煨,1
祀,1
祜,1
祚,1
祺,1
禅,1
睿,1
颙,1
馥,1
皎,1
鹄,1
褚,1
颀,1
虔,1
竺,1
羲,1
粲,1
暨,1
隽,1
鲂,1
髦,1
安,2
谙,2
贝,2
蓓,2
丹,2
萏,2
冬,2
娥,2
芳,2
菲,2
凤,2
邯,2
菡,2
荷,2
花,2
惠,2
慧,2
菊,2
兰,2
蕾,2
璃,2
莲,2
灵,2
菱,2
萝,2
梅,2
梦,2
楠,2
凝,2
盼,2
颦,2
琦,2
绮,2
茜,2
青,2
清,2
琼,2
容,2
蓉,2
柔,2
如,2
蕊,2
若,2
珊,2
笙,2
诗,2
双,2
思,2
素,2
桃,2
婉,2
夏,2
娴,2
香,2
秀,2
翾,2
璇,2
雪,2
雅,2
嫣,2
雁,2
瑶,2
盈,2
雨,2
玉,2
月,2
芸,2
昭,2
真,2
珠,2
紫,2
小谙,2
小贝,2
小蓓,2
小丹,2
小萏,2
小菲,2
小菡,2
小兰,2
小蕾,2
小璃,2
小莲,2
小菱,2
小梅,2
小梦,2
小楠,2
小凝,2
小盼,2
小颦,2
小绮,2
小青,2
小清,2
小琼,2
小容,2
小蓉,2
小柔,2
小如,2
小蕊,2
小若,2
小姗,2
小珊,2
小笙,2
小诗,2
小双,2
小思,2
小素,2
小桃,2
小恬,2
小甜,2
小宛,2
小婉,2
小夏,2
小娴,2
小香,2
小秀,2
小翾,2
小璇,2
小雪,2
小雅,2
小嫣,2
小雁,2
小瑶,2
小盈,2
小雨,2
小玉,2
小月,2
小芸,2
小昭,2
小真,2
小珠,2
小紫,2
怜安,2
怜梦,2
怜楠,2
怜凝,2
怜盼,2
怜颦,2
怜琦,2
怜绮,2
怜青,2
怜清,2
怜琼,2
怜诗,2
怜双,2
怜思,2
怜素,2
怜桃,2
怜恬,2
怜甜,2
怜宛,2
怜婉,2
怜夏,2
怜娴,2
怜香,2
怜秀,2
怜翾,2
怜璇,2
怜雪,2
怜雅,2
怜嫣,2
怜雁,2
怜瑶,2
怜盈,2
怜雨,2
怜玉,2
怜月,2
怜芸,2
怜昭,2
怜真,2
怜珠,2
怜紫,2
佩安,2
佩谙,2
佩贝,2
佩蓓,2
佩丹,2
佩萏,2
佩冬,2
佩娥,2
佩芳,2
佩菲,2
佩凤,2
佩邯,2
佩菡,2
佩荷,2
佩花,2
佩惠,2
佩慧,2
佩菊,2
佩兰,2
佩蕾,2
佩璃,2
佩莲,2
佩灵,2
佩菱,2
佩萝,2
佩梅,2
佩梦,2
佩楠,2
佩凝,2
佩盼,2
佩颦,2
佩琦,2
佩绮,2
佩茜,2
佩巧,2
佩青,2
佩清,2
佩琼,2
佩容,2
佩蓉,2
佩柔,2
佩双,2
佩思,2
佩素,2
佩桃,2
佩恬,2
佩甜,2
佩夏,2
佩娴,2
佩香,2
佩秀,2
佩翾,2
佩璇,2
佩雪,2
佩雅,2
佩嫣,2
佩雁,2
佩瑶,2
佩盈,2
佩雨,2
佩玉,2
佩月,2
佩芸,2
佩昭,2
佩真,2
佩珠,2
佩紫,2
叶安,2
叶谙,2
叶贝,2
叶蓓,2
叶丹,2
叶萏,2
叶冬,2
叶娥,2
叶芳,2
叶菲,2
叶凤,2
叶邯,2
叶菡,2
叶荷,2
叶花,2
叶惠,2
叶慧,2
叶菊,2
叶兰,2
叶蕾,2
叶璃,2
叶莲,2
叶灵,2
叶菱,2
叶萝,2
叶梅,2
叶梦,2
叶楠,2
叶凝,2
叶盼,2
叶颦,2
叶琦,2
叶绮,2
叶茜,2
叶巧,2
叶青,2
叶清,2
叶琼,2
叶容,2
叶蓉,2
叶柔,2
叶如,2
叶蕊,2
叶若,2
叶姗,2
叶珊,2
叶笙,2
叶诗,2
叶双,2
叶思,2
叶素,2
叶桃,2
叶恬,2
叶甜,2
叶宛,2
叶婉,2
叶夏,2
叶娴,2
叶香,2
叶秀,2
叶翾,2
叶玉,2
叶月,2
叶芸,2
叶昭,2
叶真,2
叶珠,2
叶紫,2
安霜,2
谙霜,2
贝霜,2
蓓霜,2
丹霜,2
萏霜,2
冬霜,2
娥霜,2
芳霜,2
菲霜,2
凤霜,2
邯霜,2
菡霜,2
荷霜,2
花霜,2
惠霜,2
慧霜,2
菊霜,2
兰霜,2
蕾霜,2
璃霜,2
莲霜,2
灵霜,2
菱霜,2
萝霜,2
梅霜,2
梦霜,2
楠霜,2
凝霜,2
盼霜,2
颦霜,2
琦霜,2
绮霜,2
茜霜,2
巧霜,2
青霜,2
清霜,2
琼霜,2
容霜,2
蓉霜,2
柔霜,2
如霜,2
蕊霜,2
若霜,2
姗霜,2
珊霜,2
笙霜,2
诗霜,2
双霜,2
思霜,2
素霜,2
桃霜,2
恬霜,2
甜霜,2
宛霜,2
婉霜,2
夏霜,2
娴霜,2
香霜,2
秀霜,2
翾霜,2
璇霜,2
雪霜,2
雅霜,2
嫣霜,2
雁霜,2
瑶霜,2
盈霜,2
雨霜,2
玉霜,2
月霜,2
芸霜,2
昭霜,2
真霜,2
珠霜,2
紫霜,2
霜安,2
霜谙,2
霜贝,2
霜蓓,2
霜丹,2
霜萏,2
霜冬,2
霜娥,2
霜芳,2
霜菲,2
霜凤,2
霜邯,2
霜菡,2
霜荷,2
霜惠,2
霜兰,2
霜蕾,2
霜璃,2
霜莲,2
霜灵,2
霜菱,2
霜萝,2
霜梅,2
霜梦,2
霜楠,2
霜凝,2
霜盼,2
霜颦,2
霜琦,2
霜绮,2
霜茜,2
霜青,2
霜清,2
霜琼,2
霜容,2
霜蓉,2
霜柔,2
霜如,2
霜蕊,2
霜若,2
霜姗,2
霜珊,2
霜笙,2
霜诗,2
霜双,2
霜思,2
霜素,2
霜桃,2
霜恬,2
霜甜,2
霜宛,2
霜婉,2
霜夏,2
霜娴,2
霜香,2
霜秀,2
霜翾,2
霜璇,2
霜雪,2
霜雅,2
霜嫣,2
霜雁,2
霜瑶,2
霜盈,2
霜雨,2
霜玉,2
霜月,2
霜芸,2
霜昭,2
霜真,2
霜珠,2
霜紫,2
安琪,2
谙琪,2
琪凝,2
琪盼,2
琪颦,2
琪琦,2
琪绮,2
琪茜,2
琪巧,2
琪青,2
琪清,2
琪琼,2
琪容,2
琪蓉,2
琪柔,2
琪如,2
琪蕊,2
琪若,2
琪姗,2
琪珊,2
琪笙,2
琪诗,2
琪雅,2
琪雨,2
琪玉,2
琪芸,2
琪昭,2
雅怜,2
嫣怜,2
雁怜,2
瑶怜,2
盈怜,2
雨怜,2
玉怜,2
月怜,2
